Campaign_ID,Campaign_Name,Type,Subject_Line,Platform,Industry_Segment,Content_Type,Cost
CAM0001,User-friendly radical monitoring,Flow,A on community include write.,HubSpot,Ecommerce,Welcome,13017.46
CAM0002,Cross-platform dynamic help-desk,Flow,Sit Mr no against old vote.,HubSpot,Healthcare,Promotional,10217.57
CAM0003,Adaptive bandwidth-monitored implementation,Flow,Student general recognize customer wonder remain.,Salesforce,Healthcare,Recovery,12058.71
CAM0004,Adaptive incremental definition,Blast,Race which institution pressure subject five.,Mailchimp,Healthcare,Informational,3980.15
CAM0005,Upgradable composite ability,Flow,Measure speech head work our prove prepare accept.,Sendgrid,Retail,Survey,7273.02
CAM0006,Function-based optimizing moratorium,Flow,Happen tough scene year.,Mailchimp,Healthcare,Seasonal,14360.91
CAM0007,Enterprise-wide attitude-oriented focus group,Blast,Population life suggest end everyone energy material television.,Sendgrid,Healthcare,Recovery,4199.52
CAM0008,Assimilated exuding Internet solution,Blast,Plan conference itself among heart action.,Mailchimp,Ecommerce,Informational,4491.52
CAM0009,Team-oriented empowering system engine,Flow,Claim member glass because which low media other.,Sendgrid,Education,Survey,14123.45
CAM0010,Automated bottom-line application,Flow,Worker over learn follow training present suddenly movement.,Mailchimp,Retail,Recovery,14734.26
CAM0011,Configurable background software,Flow,Camera sit international show area around model gun.,Salesforce,Education,Seasonal,11572.19
CAM0012,Intuitive 3rdgeneration product,Flow,Million seven million offer series few experience.,HubSpot,Ecommerce,Seasonal,10579.42
CAM0013,Intuitive discrete forecast,Flow,Worker inside design course own begin.,Sendgrid,SaaS,Promotional,10359.79
CAM0014,Versatile fault-tolerant focus group,Flow,Opportunity anyone decide two responsibility practice.,HubSpot,Education,Seasonal,7345.27
CAM0015,Innovative zero tolerance installation,Flow,Boy fish lawyer significant.,Sendgrid,Non-Profit,Survey,7207.46
CAM0016,Multi-lateral web-enabled access,Blast,Its human here town system effort tough.,Sendgrid,Non-Profit,Informational,8416.1
CAM0017,Synchronized transitional utilization,Flow,Individual to well.,Salesforce,SaaS,Seasonal,14018.59
CAM0018,Distributed logistical customer loyalty,Flow,Fall rather many vote.,Mailchimp,Ecommerce,Seasonal,10830.53
CAM0019,Ameliorated bandwidth-monitored knowledgebase,Blast,Society the allow.,Sendgrid,Non-Profit,Informational,4331.08
CAM0020,Open-source full-range structure,Blast,Education everybody base behind bill lead team.,Mailchimp,Retail,Informational,8610.68
CAM0021,Future-proofed eco-centric collaboration,Flow,Across technology data.,Salesforce,Ecommerce,Survey,8157
CAM0022,Fully-configurable incremental forecast,Flow,Economic represent look usually war.,Klaviyo,Non-Profit,Seasonal,13438.49
CAM0023,Multi-channeled context-sensitive contingency,Flow,Main push occur decide meeting game.,HubSpot,Finance,Survey,5930.1
CAM0024,Visionary system-worthy analyzer,Flow,Hope until message create rich way thus.,Sendgrid,SaaS,Seasonal,5190.12
CAM0025,Organized explicit forecast,Blast,Close wait great simple lot TV.,Salesforce,SaaS,Recovery,11600.5
CAM0026,Quality-focused background conglomeration,Flow,Rise morning arrive guess save.,Mailchimp,SaaS,Welcome,2214.21
CAM0027,Synergized leadingedge portal,Flow,Method force reason alone sound room customer.,Sendgrid,Ecommerce,Seasonal,650.16
CAM0028,Ergonomic motivating challenge,Blast,Weight various just name far culture.,Mailchimp,Retail,Promotional,14330.6
CAM0029,Expanded value-added monitoring,Blast,Friend reality read close he almost feeling answer.,Klaviyo,Healthcare,Welcome,1203.86
CAM0030,Profound cohesive pricing structure,Flow,Mission this front nation property.,Sendgrid,SaaS,Welcome,13861.66
CAM0031,Pre-emptive full-range policy,Flow,Total support something relate.,HubSpot,Retail,Promotional,9846.46
CAM0032,Total background Graphic Interface,Blast,Tree conference money skin.,Sendgrid,Non-Profit,Promotional,11215.13
CAM0033,Self-enabling uniform budgetary management,Flow,Certainly authority work bill.,HubSpot,Finance,Promotional,3225.52
CAM0034,User-friendly executive artificial intelligence,Blast,Window they civil federal western peace along learn.,Mailchimp,Ecommerce,Survey,12422.72
CAM0035,Ameliorated explicit matrices,Blast,Add two standard place back wide window attorney.,Sendgrid,Non-Profit,Welcome,4081.57
CAM0036,Stand-alone hybrid core,Flow,Close continue really any thought lawyer.,Salesforce,Healthcare,Seasonal,8439.03
CAM0037,Exclusive secondary neural-net,Blast,American always hold check rather employee agent.,Salesforce,Non-Profit,Recovery,4088.89
CAM0038,Compatible radical collaboration,Blast,Investment five discuss particular.,Klaviyo,Retail,Survey,1656.21
CAM0039,Enterprise-wide actuating productivity,Blast,Answer mission during but across five move.,Salesforce,SaaS,Informational,11118.55
CAM0040,Compatible client-server interface,Flow,After thousand travel one per far.,Klaviyo,Finance,Welcome,3604.45
CAM0041,Phased responsive definition,Flow,Race nice author change item.,Mailchimp,Retail,Seasonal,780.47
CAM0042,Synchronized clear-thinking benchmark,Blast,Role or school.,HubSpot,Retail,Product Launch,13579.66
CAM0043,Right-sized solution-oriented info-mediaries,Flow,Base many above upon represent character.,Mailchimp,SaaS,Seasonal,3400.56
CAM0044,Object-based object-oriented intranet,Blast,Maybe everyone bad break goal project.,HubSpot,Education,Survey,3507.89
CAM0045,Ergonomic full-range matrices,Blast,Improve goal care capital he fast enter.,HubSpot,SaaS,Promotional,1520.97
CAM0046,Re-engineered system-worthy database,Flow,Simply seem so.,Klaviyo,Education,Product Launch,4967.8
CAM0047,Customer-focused hybrid matrix,Flow,Article main paper reach.,Salesforce,SaaS,Survey,7096.61
CAM0048,Re-engineered 4thgeneration artificial intelligence,Flow,Institution reveal relate general.,Salesforce,Finance,Seasonal,10224.26
CAM0049,Up-sized zero tolerance product,Blast,However win exist commercial.,Klaviyo,Retail,Recovery,2079.26
CAM0050,Virtual content-based pricing structure,Blast,Case mouth against all bit.,Klaviyo,Finance,Survey,14468.49
CAM0051,Vision-oriented stable hub,Blast,Control carry point project behind adult note.,Mailchimp,Ecommerce,Recovery,14669.1
CAM0052,De-engineered static knowledge user,Flow,When lay hear time decision.,Klaviyo,SaaS,Product Launch,2385.96
CAM0053,Switchable clear-thinking data-warehouse,Flow,Brother realize environment goal care anything always.,Salesforce,Retail,Informational,9800.33
CAM0054,Versatile holistic service-desk,Blast,Professional standard business treat even seven.,Klaviyo,Education,Welcome,13212.1
CAM0055,Profound maximized neural-net,Flow,Shake nation short budget common.,Klaviyo,Ecommerce,Welcome,7145.98
CAM0056,Object-based modular challenge,Flow,Structure light conference produce play speech.,HubSpot,Non-Profit,Survey,9765.07
CAM0057,Proactive solution-oriented process improvement,Flow,Through decade national surface staff.,Klaviyo,Finance,Product Launch,11343.55
CAM0058,Multi-channeled intermediate migration,Flow,Answer exist keep eat mouth military.,Mailchimp,Ecommerce,Recovery,4322.93
CAM0059,Devolved eco-centric productivity,Blast,Mean young relationship wife attack woman.,Klaviyo,Retail,Product Launch,4295.52
CAM0060,Future-proofed cohesive help-desk,Flow,Source month fire.,Sendgrid,Finance,Promotional,906.26
CAM0061,Quality-focused 5thgeneration system engine,Blast,Begin at point believe design resource prevent.,Sendgrid,Ecommerce,Survey,11535.5
CAM0062,Fundamental static moderator,Blast,Popular bring mother example agent agree model.,HubSpot,Non-Profit,Promotional,9791.43
CAM0063,Right-sized intermediate process improvement,Blast,They test fast change wind maybe pretty.,HubSpot,Non-Profit,Informational,3498.66
CAM0064,Multi-tiered explicit model,Flow,Audience should actually open.,Sendgrid,Healthcare,Product Launch,11085.52
CAM0065,User-friendly foreground focus group,Flow,Bank certain civil school professional.,HubSpot,Education,Product Launch,12757.99
CAM0066,Profound asynchronous focus group,Blast,Discuss should serious ask be.,HubSpot,Retail,Product Launch,578.73
CAM0067,Self-enabling static process improvement,Flow,Southern thousand list sit on.,Salesforce,Healthcare,Product Launch,13823.63
CAM0068,Centralized leadingedge capability,Blast,Cost decade live fine work site yeah.,Salesforce,Education,Informational,6279.92
CAM0069,Customer-focused web-enabled throughput,Flow,Billion stop name dream forward hotel couple.,Klaviyo,Non-Profit,Recovery,12567.32
CAM0070,Synergistic homogeneous capability,Blast,Adult million ok expert.,Sendgrid,Ecommerce,Seasonal,14010.16
CAM0071,Self-enabling motivating secured line,Flow,Soon get material keep weight community.,Mailchimp,Retail,Informational,564.37
CAM0072,Face-to-face high-level conglomeration,Flow,Gas everyone society describe.,Sendgrid,SaaS,Recovery,12546.32
CAM0073,Front-line upward-trending standardization,Flow,Free understand political official life.,Sendgrid,Finance,Welcome,11823.65
CAM0074,Stand-alone cohesive frame,Flow,Short word on church team beat energy.,Salesforce,Non-Profit,Survey,2810.95
CAM0075,Versatile optimizing product,Flow,Pressure practice air nice course finally though.,Salesforce,Non-Profit,Recovery,11240.07
CAM0076,User-centric actuating artificial intelligence,Blast,Difficult development population determine course.,HubSpot,Retail,Survey,13086.91
CAM0077,Decentralized logistical success,Blast,Then sing thing raise word argue.,Mailchimp,Retail,Welcome,4356.22
CAM0078,Visionary global forecast,Flow,Bed research see form.,Salesforce,Ecommerce,Recovery,581.24
CAM0079,Secured solution-oriented encoding,Blast,Might see be far trial six use.,HubSpot,Retail,Product Launch,4489.92
CAM0080,Multi-layered tangible complexity,Flow,Board determine house prove appear contain size.,Mailchimp,SaaS,Informational,9049.69
CAM0081,Networked zero administration interface,Blast,Whole ten be score.,Salesforce,Non-Profit,Welcome,13928.25
CAM0082,Expanded holistic architecture,Blast,Music change place chair company look director.,Sendgrid,Non-Profit,Recovery,5038.93
CAM0083,Fundamental asynchronous concept,Flow,Near officer drive bed look various none.,Sendgrid,Ecommerce,Seasonal,6826.15
CAM0084,Profound hybrid success,Flow,Mission rate do not.,Mailchimp,Retail,Seasonal,9626.86
CAM0085,Ameliorated dynamic framework,Flow,Fish weight ok material instead rather success.,Mailchimp,Non-Profit,Promotional,7874.29
CAM0086,De-engineered object-oriented implementation,Blast,Pattern Republican task information matter form food any.,Salesforce,Education,Recovery,13341.11
CAM0087,Grass-roots system-worthy challenge,Blast,Shoulder seem important site happen help.,Salesforce,Education,Informational,2030.32
CAM0088,Innovative contextually-based Graphic Interface,Blast,Foot worry but recently.,Mailchimp,SaaS,Product Launch,7573.11
CAM0089,Enhanced motivating capability,Blast,Learn issue foreign run federal.,Mailchimp,Education,Promotional,4107.1
CAM0090,Sharable optimizing help-desk,Flow,Unit hand which someone father follow.,HubSpot,Education,Recovery,12136.03
CAM0091,Organized clear-thinking emulation,Flow,Site activity pay true two ten return.,HubSpot,Non-Profit,Product Launch,4973.65
CAM0092,Intuitive solution-oriented data-warehouse,Blast,Blood year old none.,HubSpot,Finance,Informational,10972.17
CAM0093,Enhanced actuating alliance,Blast,Feeling design discuss.,Sendgrid,Education,Informational,9731.31
CAM0094,Decentralized mission-critical throughput,Blast,White many building study piece also worker.,Sendgrid,SaaS,Promotional,10784.6
CAM0095,Organic modular time-frame,Blast,Focus couple herself study human.,HubSpot,Education,Promotional,230.98
CAM0096,Versatile stable matrix,Flow,Situation hit weight off focus.,HubSpot,Non-Profit,Recovery,5069.94
CAM0097,Triple-buffered client-server policy,Flow,It nor account.,Mailchimp,Retail,Product Launch,4439.46
CAM0098,Open-source analyzing knowledgebase,Flow,Process sound long will for.,Sendgrid,Healthcare,Welcome,10122.53
CAM0099,Programmable executive database,Flow,Prove gun everybody visit.,HubSpot,Non-Profit,Seasonal,2913.56
CAM0100,Proactive systemic moderator,Blast,Show PM last author when too.,Klaviyo,Retail,Product Launch,9172.1
CAM0101,Object-based discrete paradigm,Flow,Board term rather city collection color.,Salesforce,Ecommerce,Informational,9588.11
CAM0102,Grass-roots 4thgeneration toolset,Blast,Carry peace society find a main.,HubSpot,SaaS,Welcome,6094.25
CAM0103,Realigned radical utilization,Flow,Than any get finish.,Sendgrid,Education,Informational,6426.99
CAM0104,Upgradable asymmetric task-force,Flow,Available once quality kid summer state.,HubSpot,Ecommerce,Welcome,4932.34
CAM0105,Horizontal next generation architecture,Flow,Child investment history world idea newspaper generation.,Klaviyo,Education,Recovery,6024.48
CAM0106,Virtual multimedia database,Blast,Star official late trial.,Mailchimp,Healthcare,Seasonal,1448.87
CAM0107,Open-source content-based toolset,Flow,Tax allow do owner fine green number.,Sendgrid,Retail,Survey,14725.64
CAM0108,Triple-buffered 24hour strategy,Blast,Buy government yard commercial hair phone.,Mailchimp,Finance,Recovery,7172.26
CAM0109,Total context-sensitive emulation,Flow,Determine real minute force.,Salesforce,Healthcare,Informational,14038.66
CAM0110,Centralized interactive model,Flow,Assume myself interest stay.,Mailchimp,Non-Profit,Welcome,122.32
CAM0111,Reactive human-resource orchestration,Blast,Choose during senior grow consumer fund first.,HubSpot,Non-Profit,Informational,5765.94
CAM0112,Customer-focused dynamic circuit,Flow,Policy finally third each certainly likely.,Klaviyo,Ecommerce,Product Launch,6712.1
CAM0113,Multi-layered bi-directional standardization,Blast,Official husband not group nothing want western determine.,Mailchimp,Ecommerce,Seasonal,4019.58
CAM0114,Object-based fresh-thinking productivity,Flow,Standard but nice.,Klaviyo,Non-Profit,Product Launch,4957.79
CAM0115,Persevering 4thgeneration encryption,Flow,Skin campaign find skill.,Sendgrid,SaaS,Product Launch,8745.26
CAM0116,Face-to-face multi-tasking customer loyalty,Blast,Baby church again total.,Sendgrid,Non-Profit,Recovery,8601.7
CAM0117,Function-based optimizing workforce,Flow,We action agency large production to.,HubSpot,Non-Profit,Product Launch,3938.07
CAM0118,Triple-buffered value-added leverage,Flow,Decide stuff big policy own behavior.,HubSpot,Education,Promotional,5406.09
CAM0119,Implemented system-worthy core,Blast,Despite their do understand.,HubSpot,Healthcare,Promotional,3559.81
CAM0120,Inverse bandwidth-monitored conglomeration,Blast,Think television reveal first.,Klaviyo,SaaS,Product Launch,10023.44
CAM0121,Reactive homogeneous customer loyalty,Flow,Adult across establish interest anyone suddenly test.,Salesforce,Education,Seasonal,6991.62
CAM0122,Customer-focused transitional implementation,Blast,Painting list even.,Salesforce,Finance,Product Launch,2412.56
CAM0123,Synergized client-server algorithm,Blast,Case interesting lay particularly huge detail.,Salesforce,SaaS,Informational,10297.38
CAM0124,Multi-lateral executive approach,Blast,Those black property scene stage travel want.,Sendgrid,Education,Informational,13848.13
CAM0125,Horizontal 24hour hierarchy,Blast,Few by trial son operation defense.,Sendgrid,Non-Profit,Seasonal,13319.27
CAM0126,Customizable explicit array,Flow,Floor visit song style hospital word.,Salesforce,Education,Recovery,11552.22
CAM0127,Synchronized transitional strategy,Blast,Either his would own speak official teach.,HubSpot,Ecommerce,Promotional,10360.55
CAM0128,Expanded even-keeled open system,Blast,Home affect culture citizen.,Mailchimp,SaaS,Promotional,9587.9
CAM0129,Ameliorated actuating monitoring,Blast,Structure writer including.,Salesforce,Retail,Recovery,14110.72
CAM0130,Future-proofed hybrid focus group,Blast,Be fear she guess.,Mailchimp,Non-Profit,Product Launch,5525.81
CAM0131,Automated exuding adapter,Blast,Feeling discover summer television use dream why.,Salesforce,Healthcare,Seasonal,3328.32
CAM0132,Configurable reciprocal service-desk,Blast,Page author manage baby member right.,Mailchimp,Education,Welcome,14361.26
CAM0133,Front-line heuristic forecast,Blast,Article raise case recent or thousand.,HubSpot,Non-Profit,Survey,7183.16
CAM0134,Proactive bi-directional benchmark,Flow,Reveal training may generation.,Sendgrid,SaaS,Survey,6835.58
CAM0135,Robust motivating architecture,Blast,Your some explain just lot chair skin into.,Salesforce,Retail,Product Launch,14832.79
CAM0136,Team-oriented 3rdgeneration instruction set,Blast,Meeting wear sport it animal.,Salesforce,Ecommerce,Recovery,5616.9
CAM0137,Reverse-engineered fault-tolerant benchmark,Flow,Occur phone trouble yet cultural full well ground.,HubSpot,Ecommerce,Seasonal,10535.07
CAM0138,De-engineered background initiative,Blast,Kid with some until light.,Klaviyo,SaaS,Promotional,13693.7
CAM0139,Reactive cohesive throughput,Blast,Successful region unit turn film city radio.,Salesforce,SaaS,Welcome,11365.11
CAM0140,Front-line zero administration Graphical User Interface,Flow,Adult west player medical.,Mailchimp,Education,Promotional,12033.88
CAM0141,Enhanced bifurcated open architecture,Blast,Third former structure theory bag why.,HubSpot,Non-Profit,Product Launch,12387.54
CAM0142,De-engineered human-resource info-mediaries,Blast,Child third feel environment.,Klaviyo,Healthcare,Informational,11432.66
CAM0143,Profit-focused heuristic budgetary management,Blast,Door significant when picture half certainly.,Salesforce,Retail,Recovery,10211.52
CAM0144,Future-proofed 24/7 initiative,Blast,Me meet yet company.,Salesforce,SaaS,Survey,8945.3
CAM0145,Decentralized cohesive database,Blast,Former participant hand thank other southern Republican.,Sendgrid,SaaS,Recovery,11814.81
CAM0146,Customizable explicit knowledgebase,Flow,How next by seek whom kind between.,Klaviyo,Finance,Welcome,7892.09
CAM0147,Configurable clear-thinking definition,Blast,Resource dream cold send investment.,HubSpot,Ecommerce,Product Launch,7932.03
CAM0148,Automated bi-directional artificial intelligence,Flow,Go hard do man interest response kitchen.,Mailchimp,Finance,Recovery,5439.54
CAM0149,Synergistic radical utilization,Blast,Behavior himself ground agree candidate.,Salesforce,Retail,Promotional,13760.33
CAM0150,Secured neutral workforce,Blast,Player song until ground.,HubSpot,Healthcare,Product Launch,1700.89
CAM0151,Total multimedia support,Flow,Ability sell than cost discussion necessary.,Sendgrid,SaaS,Promotional,12435.04
CAM0152,Adaptive client-server software,Blast,Physical to agree fish sort.,Salesforce,Retail,Seasonal,13545.26
CAM0153,Persevering maximized function,Blast,Hair perform receive why or seat.,Klaviyo,Education,Seasonal,3048.31
CAM0154,Fundamental holistic throughput,Flow,Nothing manage all everything sense finish.,HubSpot,Ecommerce,Informational,8059.17
CAM0155,Optional non-volatile synergy,Blast,Really summer choose age final quite.,Mailchimp,Finance,Recovery,2484.77
CAM0156,Future-proofed foreground archive,Blast,Black many sport set paper.,Sendgrid,Ecommerce,Seasonal,12820.2
CAM0157,Right-sized systemic focus group,Flow,Before catch money entire impact may door theory.,HubSpot,Finance,Recovery,6638.77
CAM0158,Enterprise-wide human-resource open system,Flow,Measure himself region blood everyone shoulder board.,Salesforce,Retail,Promotional,10210.82
CAM0159,Profit-focused client-server approach,Flow,Sport rather region lot call us car.,Mailchimp,SaaS,Product Launch,10759.43
CAM0160,Object-based needs-based capability,Blast,Mrs Mrs my.,Salesforce,Non-Profit,Seasonal,7342.64
CAM0161,Down-sized fault-tolerant superstructure,Flow,Soldier future must game light return.,Salesforce,Non-Profit,Product Launch,13485.36
CAM0162,Networked system-worthy budgetary management,Blast,State mean side image two happen.,Klaviyo,Education,Welcome,6693.33
CAM0163,Upgradable well-modulated model,Blast,International inside when idea all expert while.,Klaviyo,Healthcare,Seasonal,853.42
CAM0164,Organic dynamic standardization,Flow,Base impact impact national how PM space.,Salesforce,Ecommerce,Recovery,1996.53
CAM0165,User-centric background intranet,Flow,Know green kid break expert too vote.,Sendgrid,Healthcare,Welcome,6243.06
CAM0166,Total tangible firmware,Blast,Policy himself box out hear.,Klaviyo,Finance,Seasonal,8467.39
CAM0167,Organic didactic encoding,Blast,Including seek so room weight.,Klaviyo,SaaS,Survey,8390.78
CAM0168,Exclusive heuristic flexibility,Flow,Plant official expect science.,Klaviyo,Education,Seasonal,10098.06
CAM0169,Object-based disintermediate time-frame,Flow,Prepare describe popular book player election place new.,Klaviyo,Non-Profit,Promotional,4636.38
CAM0170,Function-based national algorithm,Flow,Congress that easy tell short bed.,Mailchimp,Non-Profit,Informational,346.12
CAM0171,Centralized multi-tasking process improvement,Blast,Condition music race surface since small.,Salesforce,Education,Promotional,3831.77
CAM0172,Universal responsive migration,Flow,Expect everyone to current military machine.,Mailchimp,Retail,Product Launch,65.17
CAM0173,Synergized heuristic encoding,Flow,Firm civil decision image live summer.,HubSpot,Ecommerce,Recovery,3284.16
CAM0174,Reduced real-time Graphic Interface,Blast,Dream computer ok number allow side music appear.,HubSpot,Healthcare,Welcome,1113.98
CAM0175,Customer-focused non-volatile orchestration,Blast,Time record lay ground level no avoid.,HubSpot,Finance,Recovery,6366.99
CAM0176,Cloned intermediate firmware,Flow,Western yes church yourself see.,Mailchimp,Healthcare,Seasonal,10511.77
CAM0177,Optimized holistic system engine,Blast,Difference water difference approach record institution.,Salesforce,Non-Profit,Recovery,8126.63
CAM0178,Decentralized bi-directional support,Blast,Store career team wish determine color.,HubSpot,Education,Welcome,922.63
CAM0179,Seamless composite secured line,Blast,System law order cup two him.,Klaviyo,Non-Profit,Informational,13415.39
CAM0180,Object-based eco-centric project,Flow,Thought image benefit.,HubSpot,SaaS,Informational,14792.34
CAM0181,Pre-emptive contextually-based application,Flow,Marriage factor address authority let Congress.,Sendgrid,Non-Profit,Seasonal,7091.63
CAM0182,Synchronized asymmetric help-desk,Flow,During west cultural pick six close.,Klaviyo,Finance,Seasonal,4320.62
CAM0183,Persistent object-oriented solution,Flow,Allow already air vote assume member business.,Klaviyo,Ecommerce,Product Launch,2716.12
CAM0184,Secured bi-directional contingency,Flow,Throw ever specific discover college.,Klaviyo,Ecommerce,Seasonal,2048.72
CAM0185,Down-sized discrete array,Flow,Get language arm thing back law.,HubSpot,SaaS,Promotional,9630.04
CAM0186,Pre-emptive client-driven moderator,Blast,Floor cultural term determine would it.,Klaviyo,Finance,Promotional,10944.76
CAM0187,Upgradable discrete knowledgebase,Blast,Various impact teacher compare.,Sendgrid,Education,Promotional,14457.46
CAM0188,Future-proofed bifurcated projection,Blast,Feel drive along.,Mailchimp,Healthcare,Informational,5629.42
CAM0189,Organized incremental application,Flow,Country face month morning religious fire industry.,Sendgrid,Education,Survey,13372.18
CAM0190,Secured mobile process improvement,Flow,His medical science dinner.,Salesforce,Healthcare,Recovery,6739.09
CAM0191,Advanced bandwidth-monitored contingency,Blast,Brother action drive a again picture fast.,Klaviyo,Ecommerce,Welcome,13758.38
CAM0192,Organic interactive initiative,Flow,Consumer smile owner policy.,Sendgrid,Non-Profit,Product Launch,5674.9
CAM0193,Proactive high-level analyzer,Flow,From fast race something agreement.,HubSpot,Retail,Seasonal,1222.14
CAM0194,Re-engineered non-volatile customer loyalty,Flow,Whole type benefit.,Salesforce,Non-Profit,Product Launch,14462.88
CAM0195,Persistent scalable function,Flow,Head treat light behavior life.,Sendgrid,SaaS,Informational,13120.81
CAM0196,Upgradable mobile system engine,Flow,Ability science city cold country bag.,Klaviyo,Education,Seasonal,2012.19
CAM0197,Upgradable asynchronous superstructure,Blast,Through effect bank staff common ready today.,HubSpot,Finance,Seasonal,12907.09
CAM0198,Optimized heuristic intranet,Flow,Speech war third source statement require happy.,Klaviyo,Healthcare,Informational,1797.12
CAM0199,Reverse-engineered intermediate budgetary management,Flow,Now floor she agent.,Salesforce,Non-Profit,Recovery,14892.84
CAM0200,Business-focused stable orchestration,Flow,Leg child against foreign today finish born.,Sendgrid,SaaS,Seasonal,5908.02
CAM0201,Devolved mobile open system,Flow,Factor ahead cultural much so five.,Klaviyo,Education,Recovery,1927.66
CAM0202,Operative value-added Internet solution,Flow,Hospital the benefit team short.,Salesforce,Finance,Informational,14681.29
CAM0203,Grass-roots well-modulated analyzer,Blast,Cultural relationship everyone little suffer.,HubSpot,Ecommerce,Product Launch,12525.63
CAM0204,Public-key heuristic customer loyalty,Flow,Some democratic military job during agent just.,Sendgrid,Finance,Seasonal,11347.57
CAM0205,Polarized object-oriented extranet,Blast,Water create probably we fact.,Sendgrid,Retail,Survey,14677.79
CAM0206,Monitored user-facing budgetary management,Blast,Hold effect tree career month hear.,Salesforce,Ecommerce,Welcome,6955.8
CAM0207,Advanced modular circuit,Blast,Too out late imagine police.,Sendgrid,Education,Recovery,10792.03
CAM0208,Visionary interactive adapter,Blast,Quickly miss mind develop.,HubSpot,Finance,Seasonal,6373.44
CAM0209,Progressive national projection,Flow,Per mission benefit born.,HubSpot,SaaS,Recovery,5701.56
CAM0210,Team-oriented local secured line,Blast,Life similar cup kind.,Sendgrid,Education,Seasonal,3460.37
CAM0211,Quality-focused secondary support,Flow,Good prepare notice kind recent.,Klaviyo,Ecommerce,Welcome,6920.17
CAM0212,Customizable mobile policy,Blast,Level system low contain mention east.,Klaviyo,Retail,Seasonal,2343.72
CAM0213,Function-based system-worthy project,Blast,Benefit project particular admit against successful.,HubSpot,SaaS,Seasonal,2843.44
CAM0214,Implemented 24/7 functionalities,Flow,Experience fall huge model.,Klaviyo,Retail,Product Launch,13130.62
CAM0215,Multi-lateral even-keeled Graphic Interface,Blast,Special democratic system available.,Salesforce,Non-Profit,Survey,11487.04
CAM0216,Customizable bottom-line array,Flow,Will player network generation each lawyer term.,Mailchimp,SaaS,Seasonal,502.62
CAM0217,Persistent content-based array,Flow,Possible contain drive watch total senior both contain.,Sendgrid,Non-Profit,Recovery,9909.76
CAM0218,Open-source regional superstructure,Flow,Responsibility before kind listen.,Salesforce,SaaS,Product Launch,9231.55
CAM0219,Pre-emptive bi-directional process improvement,Blast,National order son Republican pressure whether.,HubSpot,Ecommerce,Welcome,14044.84
CAM0220,Proactive 24/7 superstructure,Flow,Society respond local those.,Mailchimp,Healthcare,Promotional,13337.84
CAM0221,Stand-alone optimal interface,Flow,Easy state federal join.,HubSpot,Healthcare,Recovery,3625.18
CAM0222,Enhanced exuding open architecture,Flow,Short time enter build star.,Mailchimp,Non-Profit,Recovery,1028.02
CAM0223,De-engineered global flexibility,Blast,When control summer area body.,Salesforce,Non-Profit,Survey,8917.28
CAM0224,Up-sized upward-trending neural-net,Blast,Necessary result site American.,Mailchimp,Retail,Promotional,6707.69
CAM0225,Profound homogeneous secured line,Blast,Tend church set late his.,Klaviyo,Finance,Product Launch,10086.91
CAM0226,Distributed next generation adapter,Flow,Matter partner relationship strong indeed allow particular.,Salesforce,SaaS,Seasonal,13085.74
CAM0227,Secured zero tolerance strategy,Blast,Laugh hope voice human or data live.,Sendgrid,SaaS,Recovery,3686.12
CAM0228,Ergonomic scalable definition,Blast,Bag sometimes president until.,HubSpot,SaaS,Welcome,682.67
CAM0229,Integrated 4thgeneration forecast,Flow,Million keep game system use certain.,Klaviyo,SaaS,Survey,6595.66
CAM0230,Diverse empowering array,Flow,American discussion certain else.,Sendgrid,Finance,Welcome,8105.6
CAM0231,Self-enabling systemic attitude,Blast,Outside until head treat fill add its.,Mailchimp,Retail,Survey,11320.7
CAM0232,Reverse-engineered explicit superstructure,Flow,Pick again beat property.,Klaviyo,Non-Profit,Survey,11645.43
CAM0233,Decentralized content-based framework,Blast,Everything visit science memory site.,Sendgrid,Healthcare,Promotional,2119.23
CAM0234,Persevering motivating function,Flow,House director drug sort eye city establish.,Salesforce,Finance,Seasonal,14902.38
CAM0235,Horizontal asynchronous task-force,Blast,Feel research clear.,Mailchimp,Ecommerce,Product Launch,3527.74
CAM0236,Visionary optimizing database,Flow,Clearly poor station my.,Sendgrid,Finance,Recovery,13747.63
CAM0237,Progressive logistical utilization,Blast,Level story truth.,Mailchimp,Retail,Survey,8650.13
CAM0238,Synergistic leadingedge access,Blast,Oil including final share.,Sendgrid,Finance,Welcome,8670.57
CAM0239,Advanced 3rdgeneration standardization,Flow,East apply change change from system according participant.,HubSpot,Finance,Welcome,11592.62
CAM0240,Balanced systematic protocol,Flow,Drug bank part.,Salesforce,Retail,Seasonal,12279.37
CAM0241,Grass-roots context-sensitive software,Flow,Sit role brother stage foreign project particularly.,Klaviyo,Education,Seasonal,3568.82
CAM0242,Decentralized reciprocal model,Flow,Together mouth role eat century without try.,Sendgrid,Ecommerce,Informational,13146.35
CAM0243,Mandatory homogeneous budgetary management,Blast,But big leg look.,Mailchimp,Non-Profit,Survey,14785.72
CAM0244,Innovative non-volatile info-mediaries,Blast,Realize large popular significant design affect foreign people.,Salesforce,Healthcare,Promotional,7828.34
CAM0245,Virtual 5thgeneration knowledgebase,Blast,Smile administration themselves environment.,Klaviyo,Healthcare,Seasonal,6215.13
CAM0246,Pre-emptive well-modulated artificial intelligence,Flow,Establish lawyer age response sometimes.,Mailchimp,Non-Profit,Product Launch,4141.81
CAM0247,Front-line context-sensitive portal,Blast,Generation decision effect eat guess across.,Salesforce,Education,Informational,8359.64
CAM0248,Mandatory background productivity,Blast,Worker contain attention alone walk indeed.,Mailchimp,Retail,Seasonal,8883.17
CAM0249,Persistent even-keeled solution,Blast,Later financial nature record.,Salesforce,Healthcare,Survey,11033.48
CAM0250,Reduced didactic projection,Blast,Member right bill against.,Klaviyo,Finance,Survey,2643.5
CAM0251,Triple-buffered impactful secured line,Blast,Much gas represent significant middle.,Klaviyo,Healthcare,Seasonal,10187.68
CAM0252,Cross-group analyzing concept,Flow,Budget free year recognize among my hear.,Mailchimp,Ecommerce,Welcome,8346.64
CAM0253,Balanced 4thgeneration solution,Flow,Try later great speech voice today best.,Salesforce,Ecommerce,Welcome,722.32
CAM0254,Assimilated tertiary monitoring,Flow,Actually more cause level.,Sendgrid,Non-Profit,Product Launch,5179.33
CAM0255,Expanded didactic knowledgebase,Flow,Challenge edge area rock keep pressure accept.,Klaviyo,Education,Informational,9656.87
CAM0256,Switchable multi-tasking hub,Blast,Watch area very policy responsibility its.,Sendgrid,SaaS,Welcome,5729.7
CAM0257,User-friendly bandwidth-monitored structure,Flow,Necessary father style education thing interview.,Sendgrid,SaaS,Survey,7876.46
CAM0258,Vision-oriented optimizing instruction set,Flow,Positive operation option nearly with cause set current.,HubSpot,Education,Informational,10450.7
CAM0259,Implemented analyzing matrix,Flow,Door important huge.,Mailchimp,Healthcare,Promotional,6135.72
CAM0260,Robust scalable system engine,Blast,Current difficult brother future.,Mailchimp,Education,Seasonal,4512.33
CAM0261,Grass-roots system-worthy archive,Blast,Let campaign strong conference provide decade.,Mailchimp,Retail,Survey,2774.51
CAM0262,Focused encompassing pricing structure,Blast,Nation room protect run news.,Salesforce,Education,Promotional,8078.17
CAM0263,Synchronized directional methodology,Blast,Cell local animal debate body offer laugh.,Klaviyo,Retail,Informational,3629.7
CAM0264,Organized static conglomeration,Blast,Page police several tax hit edge hit.,Klaviyo,Healthcare,Promotional,3395.66
CAM0265,Compatible analyzing adapter,Blast,Entire those already send camera in.,HubSpot,Ecommerce,Product Launch,12865.97
CAM0266,Digitized dedicated info-mediaries,Flow,Despite exist choose meeting college tell war.,HubSpot,Finance,Recovery,2182.39
CAM0267,Innovative well-modulated task-force,Flow,Treatment woman truth bring rest me.,HubSpot,Non-Profit,Product Launch,6956.12
CAM0268,Cloned real-time policy,Flow,Themselves member adult argue.,Sendgrid,SaaS,Informational,883.21
CAM0269,Cloned stable superstructure,Flow,Wife civil ability interview production.,Mailchimp,Ecommerce,Product Launch,6201.91
CAM0270,Cloned systemic strategy,Flow,These than among himself deal mother consider.,Salesforce,Education,Survey,6259.29
CAM0271,Seamless client-server hardware,Flow,Radio health reduce method join local.,Klaviyo,Education,Informational,7959.28
CAM0272,Persevering asymmetric knowledge user,Flow,Maintain opportunity like party.,Salesforce,SaaS,Product Launch,5838.52
CAM0273,Down-sized zero tolerance productivity,Blast,Follow create toward.,Mailchimp,Healthcare,Seasonal,3839.83
CAM0274,Visionary grid-enabled hardware,Blast,Kind class else ground daughter.,Mailchimp,Non-Profit,Welcome,4967.34
CAM0275,Fully-configurable local encryption,Flow,Herself personal break card bed concern country.,Klaviyo,Finance,Seasonal,1204.48
CAM0276,Decentralized responsive functionalities,Flow,But else example president task.,Sendgrid,Retail,Product Launch,6757.81
CAM0277,Synergistic composite solution,Blast,Share which four everyone process resource.,HubSpot,Retail,Welcome,5578.74
CAM0278,Universal stable contingency,Flow,Property front better board strategy argue.,Sendgrid,Healthcare,Welcome,8043.82
CAM0279,Re-engineered composite contingency,Flow,Painting personal let first coach former.,Mailchimp,SaaS,Survey,12444.51
CAM0280,Adaptive multimedia throughput,Flow,Owner force street back political suffer treatment.,Mailchimp,Healthcare,Survey,792.02
CAM0281,Balanced upward-trending task-force,Blast,Available collection together wind avoid himself.,Sendgrid,Finance,Promotional,5669.98
CAM0282,Cloned systemic artificial intelligence,Blast,Poor she turn real interview.,HubSpot,Retail,Survey,9082.44
CAM0283,Diverse neutral attitude,Flow,Friend full challenge business boy society.,HubSpot,Finance,Informational,612.42
CAM0284,Integrated background instruction set,Blast,Enough get watch up understand year knowledge.,Mailchimp,Education,Seasonal,1110.31
CAM0285,Quality-focused transitional software,Blast,Discover this national memory middle many member.,HubSpot,Healthcare,Informational,12073.67
CAM0286,Upgradable fresh-thinking monitoring,Blast,Sign positive mean hospital.,HubSpot,Retail,Seasonal,8822
CAM0287,Streamlined hybrid help-desk,Flow,Degree bring thing tax professional bill high road.,Klaviyo,Ecommerce,Recovery,10078.33
CAM0288,Front-line eco-centric extranet,Blast,Hospital discover painting on save instead.,Klaviyo,Retail,Survey,3270.91
CAM0289,Robust national orchestration,Blast,Her wish office sign PM consumer art.,Salesforce,Ecommerce,Product Launch,3149.16
CAM0290,Phased optimizing website,Flow,Science hundred hard peace.,Sendgrid,Healthcare,Seasonal,13607.35
CAM0291,Secured bandwidth-monitored matrices,Flow,Foot matter should discussion.,Mailchimp,Finance,Product Launch,4561.76
CAM0292,Synergized radical algorithm,Flow,Election training television reduce try various.,HubSpot,Non-Profit,Recovery,13636.73
CAM0293,Public-key 3rdgeneration encryption,Blast,Bill address manage question worry.,Salesforce,Finance,Informational,3192.88
CAM0294,Organic logistical instruction set,Blast,Win amount improve else.,Klaviyo,Finance,Product Launch,2866.55
CAM0295,Expanded content-based support,Flow,Goal thing thousand several.,HubSpot,Non-Profit,Seasonal,11127.3
CAM0296,Inverse secondary database,Flow,Away others age learn myself fact than.,Sendgrid,SaaS,Recovery,11208.25
CAM0297,Proactive clear-thinking application,Blast,Prepare cup imagine very result you.,Klaviyo,Finance,Seasonal,11319.87
CAM0298,Face-to-face national forecast,Blast,Partner worker nothing.,Mailchimp,Non-Profit,Recovery,13718.33
CAM0299,Versatile interactive moratorium,Flow,Ability certainly she certain ok.,HubSpot,Healthcare,Survey,10440.48
CAM0300,Virtual stable framework,Blast,Direction former region thank share agency.,Salesforce,Non-Profit,Welcome,10562.45
